Region,Tool
California,Midjourney
Washington,Midjourney
Oregon,Midjourney
District of Columbia,Midjourney
Utah,Midjourney
Colorado,Midjourney
Virginia,Midjourney
Hawaii,Midjourney
Vermont,Midjourney
Nevada,Midjourney
New York,Midjourney
Massachusetts,Midjourney
Rhode Island,Midjourney
Arizona,Midjourney
New Jersey,Midjourney
Idaho,Midjourney
Florida,Midjourney
Texas,Midjourney
Georgia,Midjourney
Maine,Midjourney
Alaska,Midjourney
Michigan,Midjourney
Wyoming,Midjourney
Illinois,Midjourney
New Hampshire,Midjourney
North Carolina,Midjourney
Kansas,Midjourney
Montana,Midjourney
Maryland,Midjourney
Pennsylvania,Midjourney
Minnesota,Midjourney
Oklahoma,Midjourney
Connecticut,Midjourney
Ohio,Midjourney
Missouri,Midjourney
New Mexico,Midjourney
Arkansas,Midjourney
Tennessee,Midjourney
Nebraska,Midjourney
Delaware,Midjourney
Iowa,Midjourney
Indiana,Midjourney
Kentucky,Midjourney
Wisconsin,Midjourney
South Carolina,Midjourney
Louisiana,Midjourney
South Dakota,DALL E
Alabama,Midjourney
North Dakota,DALL E
West Virginia,DALL E
Mississippi,Midjourney